cod;descricao;ean
1;ACETATO DE CIPROTERONA 100MG CX C/ 20CP;9900000452810
3;ACETATO DE CIPROTERONA 100MG COM 20 COMPRIMIDOS HTML;9900000452810
3;ANDROCUR 100MG BAYER 20 COMPRIMIDOS;9900000452810
3;ANDROCUR CIPROTERONA 100MG 20 COMPRIMIDOS;9900000452810
3;CIPROTERONA 100MG 20CP ANDROCUR;9900000452810
1;COSOPOT FSC C/ 05ML;9900000452797
1;COSOPT C/ 05ML;9900000452797
1;VITAMINA D 7.000UI CX C/ 4CP;9900000452780
3;ALTA D 7.000UI CAIXA C/ 4CP REVESTIDOS MOLES;9900000452780
3;ADDERA D3 7.000UI 4 COMPRIMIDOS NO CLIQUEFARMA, PREÃO;9900000452780
3;O MELHOR PREÃO DE SOF D 7.000UI ABBOTT 8 CAPSULAS;9900000452780
3;VITAMINA D 7.000 UI COMP REV 1BL;9900000452780
3;VITAMINA D 7.000UI COM 4 COMPRIMIDOS;9900000452780
3;VITAMINA D ADDERA D3 7.000UI 4 COMPRIMIDOS;9900000452780
3;VITAMINA D ADDERA D3 7.000UI 4 COMPRIMIDOS COM MENOR PREÃO;9900000452780
3;VITAMINA D ADDERA D3 7.000UI HYPERA 4 COMPRIMIDOS;9900000452780
3;VITAMINA D DROPY D COLECALCIFEROL 7.000UI 4 COMPRIMIDOS;9900000452780
1;LEVODOPA + CARBIDOPA 250 MG + 25 MG C/ 30 CP;9900000452773
3;CARBIDOL 250MG 30 COMPRIMIDOS CARBIDOPA + LEVODOPA;9900000452773
3;PARKIDOPA LEVODOPA 250MG + CARBIDOPA 25MG 30 COMPRIMIDOS;9900000452773
1;OLANZAPINA 10MG C/ 30 CP;9900000452735
3;OLANZAPINA 10MG 30 COMPRIMIDOS (C1);9900000452735
3;OLANZAPINA 10MG 30 COMPRIMIDOS EUROFARMA GENÃRICO;9900000452735
3;OLANZAPINA 10MG 30CP COMPRIMIDOS REVESTIDOS EMS GENERICO C1;9900000452735
3;OLANZAPINA 10MG ACHÃ 30 COMPRIMIDOS;9900000452735
3;OLANZAPINA 10MG CAIXA COM 30 COMPRIMIDOS (C1;9900000452735
3;OLANZAPINA 10MG CELLERA 30 COMPRIMIDOS;9900000452735
1;AVENTAL MANGA LONGA TNT 30 GR C/10 CONFORTELL;9900000170943
3;AVENTAL C/PUNHO MANGA LONGA TNT BRANCO 30GR NAO ESTERIL C/10 UNID;9900000170943
3;AVENTAL DESC. MANGA LONGA TNT BR 30GR C/PUNHO 10UNDS CONFORTELL;9900000170943
3;AVENTAL DESC.MANGA LONGA TNT BR 30GR C/PUNHO 10UNDS CONFORTELL;9900000170943
3;AVENTAL DESC.MANGA LONGA TNT BR 30GR C/PUNHO 10UNDS;9900000170943
3;AVENTAL MANGA LONGA TNT 30 GR C/10;9900000170943
3;AVENTAL MANGA LONGA TNT 30 GR C/10 CONFORTELL;9900000170943
1;TOUCA DESCARTAVEL DE ELASTICO C/100 TALGE;9900000165376
3;TALGE TOUCA DESCARTAVEL C 100 KIT C 12;9900000165376
3;TOUCA DESCARTAVEL C/100 TALGE;9900000165376
3;TOUCA DESCARTAVEL ELASTICA TALGE;9900000165376
3;TOUCA DESCARTÃVEL DE ELASTICO C/100 TALGE;9900000165376
3;TOUCA DESCARTÃVEL EM TNT COM ELÃSTICO TALGE COM 100 UNIDADES;9900000165376
3;TOUCA DESCARTÃVEL PACOTE C/100 TALGE;9900000165376
3;TOUCA DESCARTÃVEL PACOTE COM 100 UNIDADES TALGE;9900000165376
3;TOUCA SANFONADA DESCARTAVEL TALGE;9900000165376
3;TOUCA SANFONADA DESCARTÃVEL COM ELÃSTICO BRANCA COM 100UN. TALGE;9900000165376
3;TALGE;9900000165376
1;GERMI RIO QUATERNARIO DE AMONIO 5 LITROS RIOQUIMICA;9900000152314
3;DESINFETANTE GERMI RIO;9900000152314
3;DESINFETANTE GERMI RIO 5 LITROS PRONTO USO;9900000152314
3;DESINFETANTE GERMI RIO GALÃO 5 LTRS PRONTO USO RIOQUIMICA;9900000152314
3;DESINFETANTE QUATERNÃRIO DE AMÃNIO GERMI RIO 1 LT RIOQUIMICA;9900000152314
3;GERMI RIO QUATERNÃRIO DE AMÃNIO 5 LITROS RIOQUIMICA;9900000152314
3;GERMI RIO QUATERNÃRIO DE AMÃNIO LITRO RIOQUIMICA;9900000152314
3;GERMI RIOÂ® PLUS 5L;9900000152314
3;GERMI RIOÂ® PRONTO USO 5L;9900000152314
1;ESPARADRAPO IMPERMEAVEL 10CM X 4,5M C/ CAPA CREMER;9900000150181
3;CREMER ESPARADRAPO IMPERMEÃVEL 10CM X 4,5M C/ 1 UNIDADE;9900000150181
3;CREMER ESPARADRAPO IMPERMEÃVEL 10CMX4,5M;9900000150181
3;ESPARADRAPO 10CM X 4,5M EM PROMOÃÃO NO MAGAZINE LUIZA;9900000150181
3;ESPARADRAPO CREMER 10CM X 4,5M;9900000150181
3;ESPARADRAPO IMPERMEÃVEL CREMER 819113;9900000150181
3;ESPARADRAPO IMPERMEÃVEL 10CM X 4;9900000150181
3;ESPARADRAPO IMPERMEÃVEL 10CM X 4,5M C/ CAPA CREMER;9900000150181
3;ESPARADRAPO IMPERMEÃVEL BRANCO 10CM X 4,5M CREMER;9900000150181
3;ESPARADRAPO IMPERMEÃVEL PROCITEX 10CM X 4,5M C/ CAPA CREMER;9900000150181
1;COMPRESSA DE GAZE 7,5 X 7,5CM 13F PLUS PACOTE C/500 MEDIPLUSS;9900000144289
3;COMPRESSA CIRÃRGICA DE GAZE (7,5 X 7,5;9900000144289
3;COMPRESSA DE GAZE 7,5 X 7,5 CM 13 FIOS 0280 KG ALBUS;9900000144289
3;COMPRESSA DE GAZE 7,5 X 7,5CM 13 FIOS C/500 UNIDADES;9900000144289
3;COMPRESSA DE GAZE 7,5 X 7,5CM 13F ESTRELA C/500 CREMER;9900000144289
3;COMPRESSA DE GAZE 7,5X7,5 EM PROMOÃÃO NO MAGAZINE LUIZA;9900000144289
3;COMPRESSA DE GAZE 7,5X7,5CM 13F ESTRELA PACOTE C/500;9900000144289
3;COMPRESSA DE GAZE ESTÃRIL POLAR FIX;9900000144289
3;COMPRESSA DE GAZE HOSPITALAR;9900000144289
1;MODULEN IBD SUPLEMENTO;9781405122344
3;MODULEN IBD;9781405122344
3;MODULEN IBD SUPLEMENTO PARA DOENÃA CROHN;9781405122344
1;KIT IONOMERO DE VIDRO RIVA SC REG - A3 - SDI;9336472016685
3;GLASS IONOMER RIVA LC (SDI) POWDER/LIQUID KIT A3;9336472016685
3;IONOMERO DE VIDRO AUTO KIT RIVA SDI;9336472016685
3;IONOMERO DE VIDRO FOTO RIVA LIGHT CURE A3 SDI;9336472016685
3;IONÃMERO DE VIDRO RESTAURADOR RIVA LIGHT CURE SDI;9336472016685
3;IONÃMERO DE VIDRO RESTAURADOR RIVA LIGHT CURE A3 SDI;9336472016685
3;KIT IONÃMERO DE VIDRO RIVA SC REG;9336472016685
3;KIT IONÃMERO DE VIDRO RIVA SC REG A3;9336472016685
1;NALOXONA, CLORIDRATO 0,4MG/ML 1ML/HIPOLABOR;898123907562
3;CLORIDRATO DE NALOXONA 0,4 MG/ML SOLUÃÃO INJETÃVEL 1 ML;898123907562
1;INDAPAMIDA 1,5 MG INDAPEN SR TORRENT;8903855076096
1;AZUKON MR 30MG C/60CP(14810);8903855076034
3;AZUKON MR 30 MG 60 COMPRIMIDOS LIBERAÃÃO PROLONGADA;8903855076034
3;AZUKON MR 30MG 60 COMPRIMIDOS;8903855076034
3;AZUKON MR 30MG COM 60 COMPRIMIDOS;8903855076034
3;AZUKON MR GLICLAZIDA 30MG 60 COMPRIMIDOS;8903855076034
3;AZUKON MR GLICLAZIDA 30MG 60 COMPRIMIDOS COM MENOR PREÃO;8903855076034
3;MENOR PREÃO DE AZUKON MR 30MG 60CP VOCÃ ENCONTRA NO CLIQUEFARMA;8903855076034
1;GLICLAZIDA 30 MG AZUKON MR TORRENT;8903855076034
1;GLICLAZIDA 30MG AZUKON MR TORRENT;8903855076034
1;VENLIFT OD 150 MG CAPS C/30 (C1);8903855062822
3;VENLIFT OD 150MG, CAIXA COM 30 CÃPSULAS GELATINOSAS DURAS;8903855062822
3;VENLIFT OD 150MG 30 CÃPSULAS (C1);8903855062822
3;VENLIFT OD 150MG 30 CÃPSULAS C1;8903855062822
3;VENLIFT OD 150MG C/30 CAPS(C1);8903855062822
3;VENLIFT OD 150MG CAIXA COM 30 CÃPSULAS;8903855062822
3;VENLIFT OD 150MG TORRENT 30 CÃPSULAS;8903855062822
3;VENLIFT OD CLORIDRATO DE VENLAFAXINA 150MG 30 CÃPSULAS;8903855062822
1;VENLIFT OD 150MG C/30 CPR;8903855062822
3;VENLIFT OD 150MG 30CPR;8903855062822
1;TORLOS H 50MG + 12,5MG CX C/30 COMP/TORRENT;8903855062020
3;TORLOS H 50MG + 12,5MG TORRENT 30 COMPRIMIDOS REVESTIDOS NA;8903855062020
3;TORLÃS H 50MG + 12,5MG, CAIXA COM 30 COMPRIMIDOS REVESTIDOS;8903855062020
1;LOSARTANA POTASSICA 25MG -;8903855062013
3;LOSARTANA 25MG COM MELHOR PREÃO;8903855062013
3;LOSARTANA POTÃSSICA + HIDROCLOROTIAZIDA 100/25MG 30;8903855062013
1;LOSRATANA POTASSICA 25MG -;8903855062013
1;LOSRATANA POTASSICA 50MG -;8903855062013
1;TORLOS 50MG CX 30 CAP;8903855062013
3;TORLOS 50MG CAIXA COM 30 CÃPSULAS;8903855062013
3;TORLOS 50MG CX 30 CAP;8903855062013
3;TORLOS COMPRIMIDO REVESTIDO 50MG C/30;8903855062013
1;VENLAFAXINA 75MG (VENLIFT OD) CX C/ 30CPR;8903855062006
3;VENLIFT OD 75MG C/30 CPS (C1) (VENLAFAXINA);8903855062006
1;VENLAFAXINA OD 75MG COMP/TORRENT;8903855062006
3;CLORIDRATO DE VENLAFAXINA TORRENT 75MG, CAIXA COM 30 CÃPSULAS;8903855062006
3;VENLIFT OD 75MG TORRENT 30 CAPSULAS NO CLIQUEFARMA;8903855062006
3;VENLAFAXINA VENLIFT OD 75MG 30 CÃPSULAS (C1);8903855062006
3;VENLIFT OD 75MG TORRENT 30 CÃPSULAS;8903855062006
1;VENLIFT OD 75 MG CAPS C/30 (C1);8903855062006
3;VENLIFT OD 75MG 30 CÃPSULAS (C1);8903855062006
3;VENLIFT OD 75 MG CAIXA COM 30 CAPSULAS USO ADULTO (C1);8903855062006
3;VENLIFT OD 75MG C 30 CAPS C1;8903855062006
3;VENLIFT OD 75MG CAIXA COM 30 CÃPSULAS;8903855062006
3;VENLIFT OD 75MG, CAIXA COM 30 CÃPSULAS GELATINOSAS DURAS;8903855062006
3;VENLIFT OD CLORIDRATO DE VENLAFAXINA 75MG 30 CÃPSULAS;8903855062006
1;VENLIFT OD 75MG;8903855062006
3;VENLIFT OD 75MG COM 30 CAPSULAS;8903855062006
3;VENLIFT OD 75MG 30 CÃPSULAS C1;8903855062006
1;VENLIFT OD 75MG 30 CPD C1;8903855062006
1;VENLIFT OD 75MG C/30;8903855062006
1;VENLAFAXINA CLORIDRATO 37,5MG-CAIXA COM 30 CAPSULAS GELATINOSAS DURAS DE ACAO PROLONGADA-VENLIFT OD-TORRENT;8903855061993
3;CLORIDRATO DE VENLAFAXINA 37,5MG 30 CÃPSULAS DURAS DE;8903855061993
3;CLORIDRATO DE VENLAFAXINA 37,5MG 30 CÃPSULAS DURAS DE LIBERAÃÃO;8903855061993
3;CLORIDRATO DE VENLAFAXINA 37,5MG TORRENT COM 30 CÃPSULAS DURAS DE;8903855061993
3;CLORIDRATO DE VENLAFAXINA TORRENT 37,5MG, CAIXA COM 30 CÃPSULAS;8903855061993
3;VENLIFT OD 37,5MG, CAIXA COM 30 CÃPSULAS GELATINOSAS DURAS;8903855061993
1;VENLIFT OD 37,5MG;8903855061993
3;VENLIFT OD 37,5MG, CAIXA COM 30 CÃPSULAS GELATINOSAS DURAS;8903855061993
3;VENLIFT OD 37,5 MG 30 CAPSULAS (C1);8903855061993
3;VENLIFT OD 37,5MG 30 CÃPSULAS C1;8903855061993
3;VENLIFT OD 37,5MG CAIXA COM 30 CÃPSULAS;8903855061993
3;VENLIFT OD 37,5MG COMPRIMIDOS 30 P;8903855061993
3;VENLIFT OD 37,5MG TORRENT 30 CÃPSULAS;8903855061993
3;VENLIFT OD CLORIDRATO DE VENLAFAXINA 37,5MG 30 CÃPSULAS;8903855061993
1;COMPLEXO HIDROX.FERRO POLIMAL.IV 5ML;8902344901147
1;COMPLEXO HIDROX.FERRO POLIMAL.IV 5ML (UNIAO Q/CLARIS);8902344901147
1;FERRIPOLIMALTOSE FERRO III - IV 5ML FABRICANTE: CLARIS;8902344901147
1;FERRIPOLIMALTOSE FERRO III 100MG - UNIAO QUIM;8902344901147
1;HIDROXIDO  DE FERRO POLIMALTOSA 100MG/5ML  (SUCROFER) UNIAO QUIMICA;8902344901147
1;HIDROXIDO  DE FERRO POLIMALTOSA 100MG/5ML (SUCROFER) UNIAO QUIMICA;8902344901147
1;HIDROXIDO DE FERRO III  POLIMALTOSADO 20MG/ML 5ML MEIZLER;8902344901147
3;NORIPURUM 20MG/ML 5X5ML ENDOVENOSO;8902344901147
1;HIDROXIDO DE FERRO III  SACARATO 20MG/ML 5ML IV SUCROFER UNIAO QUIMICA;8902344901147
1;HIDROXIDO DE FERRO III POLIMALTOSADO 20MG/ML 5ML IV  UNIAO QUIMICA;8902344901147
1;HIDROXIDO DE FERRO POLIMALTOSADO 100MG/5ML;8902344901147
3;NORIPURUM ENDOVENOSO SOLUÃÃO INJETÃVEL 100MG/5ML TAKEDA 5;8902344901147
1;HIDROXIDO DE FERRO POLIMALTOSADO 100MG/5ML AP;8902344901147
1;HIDROXIDO DE FERRO POLIMALTOSADO 100MG/5ML AP (ITEM: );8902344901147
1;HIDROXIDO DE FERRO POLIMALTOSADO 100MG/5ML AP (ITEM: 6);8902344901147
1;HIDROXIDO DE FERRO POLIMALTOSADO 100MG/5ML SUCROFE;8902344901147
1;HIDROXIDO FERRICO  SACARATO 20MG/ML AMP 5ML CX C/05 - CLARIS- SUCROFER;8902344901147
1;HIDROXIDO FERRICO 100MG/5ML AMP;8902344901147
3;FERROPURUMÂ® (HIDROXIDO DE FERRICO III) 100MG/5ML;8902344901147
1;HIDROXIDO FERRICO 20MG 5ML IV CX C 5 AMP (SUCROFER);8902344901147
1;HIDROXIDO FERRICO 20MG/ML;8902344901147
1;HIDROXIDO FERRICO 20MG/ML 5ML CX 5AMP   SUCROFER;8902344901147
1;HIDROXIDO FERRICO 20MG/ML CX 5AMP 5ML   SUCROFER;8902344901147
3;SUCROFER 20MG/ML, CAIXA COM 10 AMPOLAS COM 5ML DE SOLUÃÃO DE;8902344901147
1;HIDROXIDO FERRICO 20MGML IV 5ML -;8902344901147
1;HIDROXIDO FERRICO SACARATO 20MG/ML/SUCROFER AMP 5 ML CX 5;8902344901147
1;HIDROXIDO FERRICO 100MG - 5ML EV INJETAVEL - COM LAUDO DE QUALIDADE, CARIMBO DE PROIBIDO A VENDA AO COMERCIO E VALIDADE;8902344901147
1;HIDROXIDO DE FERRO III POLIMALTOSADO 20MG/ML SUCROFER CLARIS;8902344901147
1;HIDROXIDO DE FERRO III POLIMALTOSADO 330MG. 2ML AMP. EV;8902344901147
1;HIDROXIDO FERRICO 100MG/5ML SUCROFER CLARIS;8902344901147
1;HIDROXIDO FERRICO 100MG/5ML UNIAO QUIMICA;8902344901147
1;P-FERRO, HIDROXIDO 100MG 5AMP 5ML;8902344901147
3;NORIPURUM IV 100MG 5ML SUCROFER C NO CLIQUEFARMA;8902344901147
1;P-SUCROFER 100MG 5AMP 5ML;8902344901147
3;MENOR PREÃO DE NORIPURUM IV 100MG 5ML SUCROFER C VOCÃ ENCONTRA;8902344901147
1;SACARATO DE FERRO POLIMALTOSADO 100MG FERRO III/5ML IV (SACARATO DE FERRO POLIMALTOSADO 100MG FERRO III/5ML IV);8902344901147
1;SACARATO DE HID. DE FERRO III (NORIPURUM);8902344901147
3;AVALIAÃÃO DA EFICÃCIA DO USO INTRAVENOSO DE SACARATO DE HIDRÃXIDO;8902344901147
3;NORIPURUM SACARATO HIDROXIDO DE FERRO COM MELHOR;8902344901147
3;SACARATO DE HIDROXIDO FERRICO NO CLIQUEFARMA, PREÃO E;8902344901147
3;IMPACTO DO TRATAMENTO INTRAVENOSO COM SACARATO DE HIDRÃXIDO DE;8902344901147
3;SACARATO DE HIDRÃXIDO FÃRRICO NORIPURUM, MEDICAMENTO E APLICAÃÃO;8902344901147
1;SACARATO DE HIDROXIDO  FERRICO 20MG/ML IV SUCROFER UNIAO QUIMICA;8902344901147
1;SACARATO DE HIDROXIDO DE FERRO 20MG/ML AMP 5ML IV SUCROFER UNIAO QUIMICA;8902344901147
1;SACARATO DE HIDROXIDO FERRICO 100MG/5ML (SUCROFER) UNIAO QUIMICA;8902344901147
1;SACARATO DE HIDROXIDO FERRICO 100MG/5ML (SUCROFER) UNIAO QUIMICA CLARIS;8902344901147
1;SACARATO DE HIDROXIDO FERRICO 100MG/5ML E.V;8902344901147
1;SACARATO DE HIDROXIDO FERRICO 100MG/5ML;8902344901147
1;SACARATO DE HIDROXIDO FERRICO 20MG/ML IV SUCROFER CX 5AMP 5ML;8902344901147
1;SACARATO HIDROXIDO DE FERRICO  20MG/ML 5ML IV SUCROFER UNIAO QUIMICA;8902344901147
1;SACARATO HIDROXIDO DE FERRO 100MG/5ML FABRICANTE: CLARIS;8902344901147
1;SACARATO HIDROXIDO FERRICO  20MG/ML 5ML IV SUCROFER UNIAO QUIMICA;8902344901147
1;SACARATO HIDROXIDO FERRICO 100MG IV 5ML -;8902344901147
1;SACARATO HIDROXIDO FERRICO 200MG/ML 5ML IV SUCROFER  UNIAO QUIMICA;8902344901147
1;SACARATO HIDROXIDO FERRICO 20MGML IV 5ML -;8902344901147
1;SACARATO HIDROXIDO FERRICO 20MGML IV 5ML C5 -;8902344901147
1;SACARATO HIDROXIDO FERRICO SUCROFER 20MG ML 5 ML INJ CX C  5 CX C  5 AP SUCROFER U QUIMICA;8902344901147
3;SUCROFER 20 MG ML SOL INJ CT 5 AMP VD INC X 5 ML;8902344901147
1;SUCROFER (SACARATO DE HIDROXIDO DE FERRO) 20MG/ML INJ CX C/ 5 AMP 5ML;8902344901147
1;SUCROFER (SACARATO DE HIDROXIDO DE FERRO) 20MG/ML INJ IV CX C/ 5 AMP 5ML;8902344901147
1;SUCROFER 100MG IV C/5AMP 5ML(FERRO MALTOSE+ASS)UQF;8902344901147
1;SUCROFER 100MG/5ML IV;8902344901147
1;SUCROFER 100MG/5ML IV AP;8902344901147
1;SUCROFER 20MG/ML - SACARATO DE HIDROXIDO FERRICO IV CX AMPOLAS 5ML;8902344901147
3;SUCROFER 20MG/ML, 5 AMPOLAS COM 5ML DE SOLUÃÃO INJETÃVEL DE USO;8902344901147
1;SUCROFER 20MG/ML INJ CX 5 AMP;8902344901147
1;SUCROFER 20MG/ML INJ CX 5 AMP X 5ML IV;8902344901147
1;SUCROFER 20MG/ML IV INJ 5 ML C/5 AMP SACARATO DE HIDROXIDO FERRICO;8902344901147
1;SUCROFER SOL INJ 5 AMP 5ML;8902344901147
1;SUCROFER SOL INJ CX C/5 AMP X 5 ML;8902344901147
1;SUCROFER-20MG/ML IV CX 5 AMP 5ML;8902344901147
1;HIDROXIDO DE FERRO (SACARATO) 20MG/ML SOLUCAO INJETAVEL IV AMPOLA 5ML - UNIAO QUIM;8902344901147
1;DFLAM 25MG/ML INJ CX 10 AMP X 3 ML IM;8902344465144
3;DFLAM TM 25MG/ML, CAIXA COM 10 AMPOLAS COM 3ML DE SOLUÃÃO DE;8902344465144
3;DICLOFENACO SODICO 25MG/ML SOLUÃÃO INJETÃVEL 3ML UNIÃO QUÃMICA;8902344465144
1;DICLOF. SOD. 75MG 3ML INJ (DFLAN) UNIAO QUIMICA;8902344465144
3;DICLOFENACO SODICO 75 MG INJETAVEL COM 3 ML UNIAO QUIMICA;8902344465144
1;DICLOF. SODICO 75MG AMP 3ML (C/10);8902344465144
3;DICLOFENACO DE SÃDIO 75MG INJETÃVEL 3ML (VOLTAREM);8902344465144
3;DICLOFENACO SÃDICO 75MG INJETÃVEL 5 AMPOLAS 3ML;8902344465144
3;VOLTAREN 75MG INJETÃVEL C/ 1 AMPOLA DE 3 ML;8902344465144
1;DICLOFENACO SODICO 25MG/ML 3ML DFLAM UNIAO QUIMICA;8902344465144
3;DICLOFENACO SODICO 25MG/ML SOLUÃÃO INJETÃVEL 3ML;8902344465144
3;DICLOFENACO SODICO 25MG/ML SOLUÃÃO INJETÃVEL 3ML UNIÃO;8902344465144
3;DICLOFENACO SÃDICO 25MG/ML 5 AMPOLAS 3ML UNIÃO QUÃMICA;8902344465144
1;DICLOFENACO SODICO 75MG/3ML (MEIZLER/CLARIS);8902344465144
3;DICLOFENACO SODICO 75MG/3ML C/50AMP IM;8902344465144
1;DFLAM TM (DICLOFENACO SÃâDICO) 25 MG/ML SOL INJ CX 10 AMP VD INC X 3 ML;8902344465120
1;BUPICAN HEAVY 5MG/ML INJ CX 10 AMP X 4 ML;8902344419178
3;BUPICAN 5MG/ML SOL INJ CX 10 AMP X 4ML;8902344419178
3;BUPICAN HEAVY 5 MG/ML SOLUÃÃO INJETÃVEL 4 ML 10 AMPOLAS DE;8902344419178
1;BUPIVACAINA  0,5% 4ML + GLICOSE ( PESADA ) GENERICO HYPOFARMA;8902344419178
3;BUPIVACAINA 0,5% HIPERB PESADA C/ GLICOSE 50X4ML;8902344419178
1;BUPIVACAINA 0,5% 4ML + GLICOSE ( PESADA ) NAO ESTERIL NEOCAINA CRISTALIA;8902344419178
3;NEOCAÃNA 0,50% PESADA C/40 AMPOLAS 4ML;8902344419178
3;NEOCAÃNA CLORIDRATO BUPIVACAÃNA ISOBÃRICA 0,5% 4ML;8902344419178
1;BUPIVACAINA 0,5% 4ML + GLICOSE ( PESADA ) UNIAO QUIMICA;8902344419178
1;BUPIVACAINA 0,5% 4ML + GLICOSE (PESADA) UNIAO QUIMICA;8902344419178
1;BUPIVACAINA 20MG CLORIDRATO,GLICOSE ANID (UNIAO Q/CLARIS);8902344419178
1;BUPIVACAINA CLOR.0,5% PESADA 10AMP 4ML (BUPICAN HE BUPICAN HEAVY - UNIAO QUIMICA;8902344419178
1;BUPIVACAINA+GLICOSE 5MG ML+80MG ML 4ML PESADA CX C 10 AMP;8902344419178
1;NEOCAINA 0,5% PES.10X4M (BUPIV+GLICOS);8902344419178
1;BUPICAN HEAVY (CLORIDRATO DE BUPIVACAINA C/ GLICOSE) 5MG/ML SOL INJ CX C/10 AMP VD TRANS X 4ML;8902344419147
1;PROPOFOL 1% 10MG ML F A DE 50ML;8902344341325
1;PROPOFOL 1% 5FA 50ML (PROVIVE)(C1) - UNIAO QUIMICA;8902344341325
1;PROPOFOL 1% 5X50ML P344/98 (PROVIVE) C1 UNIAO QUIMICA;8902344341325
1;PROPOFOL 1% 5X50ML P344/98 (PROVIVE) UNIAO QUIMICA C1;8902344341325
1;PROPOFOL 10MG/ML 50ML (UNIAO Q/CLARIS);8902344341325
1;PROVIVE;8902344341325
3;PROVIVE;8902344341325
3;PROVIVE 1%;8902344341325
1;PROVIVE 1% 50ML 5UN (C1);8902344341325
1;PROPOFOL  10MG/ML 50ML (PROVIVE 1%)  [LISTA C1] (EMB. HOSP.) UNIAO QUIMICA CLARIS;8902344341318
3;PROVIVE 10MG/ML, CAIXA COM 1 FRASCO AMPOLA COM 50ML DE;8902344341318
3;PROVIVE 10MG/ML, CAIXA COM 5 FRASCO AMPOLAS COM 50ML DE;8902344341318
1;PROPOFOL (C1) 10MG/ML CX C/ 1 FR 50ML - UNIAO QUIMICA - PROVIVE;8902344341318
1;PROPOFOL 10 MG ML FA X 50 ML - PROVIVE  CX C 1 FA PROVIVE CLARIS;8902344341318
3;PROVIVE 10MG ML EMU INJ CT FA VD INC X 50 ML NO;8902344341318
1;PROPOFOL 10MG/ML FA;8902344341318
3;PROPOFOL 10MG/ML (C1) 5 AMPOLAS;8902344341318
1;PROVIVE (C1);8902344341318
3;PROVIVE;8902344341318
1;*PROPOFOL 10MG 20ML CX C 5 AMP (PROVIVE 1%) (C1);8902344341226
1;PROPOFOL  10MG/ML 20ML (PROVIVE 1%) IV UNIAO QUIMICA;8902344341226
3;PROPOFOL 10MG/ML 20ML (C1) (PROVIVE) UNIAO QUIMIC;8902344341226
1;PROPOFOL  10MG/ML 20ML (PROVIVE 1%) UNIAO QUIMICA;8902344341226
1;PROPOFOL  10MG/ML 20ML UNIAO QUIMICA;8902344341226
3;PROPOFOL 10MG/ML 20ML (C1) (PROPOTIL) UNIAO QUIMICA;8902344341226
1;PROPOFOL 1  10MG/ML F/A DE 20ML;8902344341226
3;LIPURO 10MG/ML (AMPOLA 20ML);8902344341226
3;PROPOFOL 10 MG/ML C/5 AMPOLAS 20 ML (C1);8902344341226
3;PROPOFOL 10MG/ML (C1) 1 FRASCO AMPOLA COM 20ML;8902344341226
3;PROPOFOL 10MG/ML 1% 5APX20ML IV ESTERIL P344/98 C1;8902344341226
3;PROPOFOL 10MG/ML 20ML (C1) (PROPOFOL PF 1%);8902344341226
1;PROPOFOL 1%;8902344341226
3;AS DIFERENÃAS ENTRE: PROPOFOL 1% E 2%, QUAIS SÃO?;8902344341226
3;PROPOFOL;8902344341226
1;PROPOFOL 1% 10MG ML F A DE 20ML;8902344341226
1;PROPOFOL 1% 10MG/ML 20ML LISTA C1 IV PROVIVE UNIAO QUIMICA;8902344341226
3;PROPOFOL 10MG/ML (C1) 1 FRASCO AMPOLA COM 20ML IV;8902344341226
1;PROPOFOL 1% 5X20 ML P344/98 (PROVIVE) C1 UNIAO QUIMICA;8902344341226
3;PROPOFOL (PROPOTIL) 1% 5APX20ML IV P344/98 C1;8902344341226
1;PROPOFOL 1% 5X20 ML P344/98 (PROVIVE) UNIAO QUIMICA C1;8902344341226
1;PROPOFOL 1% 5X20 ML P344/98 (PROVIVE) UNIAO QUIMICA C1.;8902344341226
1;PROPOFOL 10 MG / 20ML FABRICANTE: CLARIS P:344/98;8902344341226
1;PROPOFOL 10 MG ML EMULSAO INJETAVEL AMPOLA 20ML;8902344341226
1;PROPOFOL 10MG/20ML;8902344341226
1;PROPOFOL 10MG/20ML - EMULSAO INJETAVEL - LISTA C1;8902344341226
1;PROPOFOL 10MG/ML;8902344341226
3;PROPOFOL (INJETÃVEL 10 MG/ML);8902344341226
1;PROPOFOL 10MG/ML - 20ML - FRASCO/AMPOLA;8902344341226
3;PROPOFOL 10 MG/ML EMULSÃO INJETÃVEL 20 ML;8902344341226
3;PROPOFOL 10 MG/ML EMULSÃO INTRAVENOSA 20 ML;8902344341226
3;PROPOFOL 10MG/ML 20ML (C1) FRASCO;8902344341226
1;PROPOFOL 10MG/ML - UNIAO QUIM;8902344341226
1;PROPOFOL 10MG/ML 20ML;8902344341226
3;PROPOFOL (MAYOPROFOL) 10MG/ML, 1%, 1FA, 20ML, IV, ESTERIL, P344/98, C1;8902344341226
3;PROPOFOL 10MG/ML (C1) 5 AMPOLAS 20ML;8902344341226
3;PROPOFOL 10MG/ML 20ML (C1) (PROVIVE);8902344341226
3;PROPOFOL 10MG/ML 20ML C/5AMP AD/PED IV;8902344341226
3;PROPOFOL FRESENIUS KABI 10MG/ML, CAIXA COM 5 AMPOLAS COM 20ML;8902344341226
1;PROPOFOL 10MG/ML 20ML (UNIAO Q/CLARIS);8902344341226
1;PROPOFOL 10MG/ML 20ML - UNIAO QUIM;8902344341226
1;PROPOFOL 10MG/ML 20ML FA;8902344341226
1;PROPOFOL 10MG/ML 20ML FA (ITEM: );8902344341226
1;PROPOFOL 10MG/ML 20ML P 344 C1 UNIAO QUIMICA;8902344341226
1;PROPOFOL 10MG/ML 20ML P344 C1 PROPOVAN UNIAO QUIMICA;8902344341226
3;PROPOFOL (PROPOVAN) 10MG/ML (C1) 20ML;8902344341226
3;PROPOFOL 10MG/ML 20ML (C1) (PROPOVAN);8902344341226
1;PROPOFOL 10MG/ML 20ML P344 C1 UNIAO QUIMICA;8902344341226
1;PROPOFOL 10MG/ML AMP 20ML UNIAO QUIMICA;8902344341226
1;PROPOFOL 10MG/ML CX 5AMP 20ML (C1)   PROVIVE;8902344341226
1;PROPOFOL 10MG/ML CX 5FA 20ML (C1)   PROVIVE;8902344341226
1;PROPOFOL 10MG/ML FA (ITEM: );8902344341226
3;PROPOFOL 10MG/ML (C1) 5 AMPOLAS;8902344341226
1;PROPOFOL 10MG, INJETAVEL, 20ML;8902344341226
1;PROPOFOL 10MG/ML - 20ML;8902344341226
1;PROPOFOL 200MG/20ML AMP;8902344341226
1;PROPOFOL 200MG/20ML AMP - UNIAO QUIM;8902344341226
1;PROPOFOL 20ML 5FR - PROVIVE CX C  5 FA CX C  5 FA PROVIVE U QUIMICA;8902344341226
1;PROPOFOL(PROVIVE)10MG/ML INJ 5FA 20ML*HS UNIAO (C1);8902344341226
3;PROVIVE 1% (PROPOFOL) 10MG/ML, 5FA 20ML, IV, P344/98 C1, AD/PED;8902344341226
1;PROVIVE (PROPOFOL) *C1* 10MG/ML INJ IV CX C/5 FA 20ML;8902344341226
3;PROVIVE 10MG/ML, CAIXA COM 5 FRASCO AMPOLAS COM 20ML DE;8902344341226
1;PROVIVE -1% 10MG/ML CX 5 AMP 20 ML;8902344341226
1;PROVIVE 1% 10 MG/ML IV AMP (C1) PROPOFOL (C1);8902344341226
1;PROVIVE 1% 10 MG/ML IV C/5 AMP (C1) PROPOFOL (C1);8902344341226
1;PROVIVE 1% 10MG/ML CX 5 FR-AMP;8902344341226
3;PROVIVE 10MG/ML, CAIXA COM 1 FRASCO;8902344341226
3;PROVIVE 10MG/ML, CAIXA COM 5 FRASCO;8902344341226
1;PROVIVE 1% 10MG/ML CX 5 FR-AMP X 20ML IV;8902344341226
1;PROVIVE 1% PROPOFOL 20ML 5UN (C1);8902344341226
1;PROVIVE 10 MG/ML CX C/5FR 20ML (C1);8902344341226
1;PROVIVE 10MG/ML 020MLX5(C1)(P);8902344341226
1;PROVIVE 10MG/ML 20ML;8902344341226
3;PROVIVE 10MG/ML AMPOLA COM 20ML;8902344341226
3;PROVIVE 10 MG/ML EMULSÃO INJETÃVEL 20 ML;8902344341226
3;PROVIVE 10MG/ML, CAIXA COM 5 FRASCO AMPOLAS COM 20ML;8902344341226
1;PROVIVE 10MG/ML 20ML FA;8902344341226
3;PROVIVE 10MG/ML EMU INJ 5 FA X 20ML;8902344341226
3;PROVIVE 10MG/ML EMUL INJ 5FA X 20ML CLARIS FA;8902344341226
1;PROVIVE 10MG/ML 5FA 20ML (PROPOFOL)(C1);8902344341226
1;PROVIVE EMU INJ P344/98C1 CX C/5FR X20ML;8902344341226
1;PROVIVE HOSP 10MG/ML 5X20ML;8902344341226
1;PROVIVE-1% 10MG/ML CX 5 AMP 20 ML;8902344341226
1;PROPOFOL 10MG/ML SOL. INJ. 20ML;8902344341226
3;PROPOFOL 10 MG/ML EMU INJ CT 5 AMP VD INC X 20 ML BLAU;8902344341226
1;PROPOFOL 10MG/ML EMULSAO INJETAVEL IV AMPOLA 20ML - UNIAO QUIM;8902344341226
1;PROPOFOL 10MG/ML 10ML P344 C1 PROVIVE UNIAO QUIMICA;8902344341127
3;PROPOFOL 10MG/ML 10ML (C1) (PROVIVE 1%) UNIAO QUIMICA;8902344341127
1;PROPOFOL 10MG/ML C/5 X10ML AMP PROVIVE UNIAO (C1);8902344341127
1;LOSARTANA POTASSICA 25MG C30 -;8902220118430
1;TORLOS 25MG C/30 COMP;8902220118430
3;"RESULTADOS PARA ""TORLOS 25MG COM 30 COMPRIMIDOS""";8902220118430
3;TORLOS 25MG C 30 COMP;8902220118430
3;TORLOS 25MG C/30 COMP;8902220118430
3;TORLOS 25MG C/30COMP REV;8902220118430
3;TORLOS 25MG COM 30 COMPRIMIDOS;8902220118430
3;TORLÃS 25MG COM 30 COMPRIMIDOS;8902220118430
1;TORLOS 25MG C/30 COMP REV-SIMILAR;8902220118430
3;DOZOITO SUCCINATO DE METOPROLOL 25MG 30 COMPRIMIDOS;8902220118430
1;TORLOS 25MG CPR 1X30-SIMILAR;8902220118430
1;NEBLOCK 5MG 60CPR NEBIVOLOL;8902220116214
3;NEBLOCK 5MG 60CPR NO CLIQUEFARMA, PREÃO E;8902220116214
3;NEBLOCK 5MG 60 COMPRIMIDOS;8902220116214
3;NEBLOCK 5MG 60CPR;8902220116214
3;NEBLOCK CLORIDRATO DE NEBIVOLOL 5MG 60 COMPRIMIDOS;8902220116214
1;OLMESARTANA MEDOXOMILA 20MG/OLMECOR CX 60 COMP;8902220115569
1;NEBLOCK 5MG CX 30 COMP;8902220114937
3;NEBLOCK 5MG, CAIXA COM 30 COMPRIMIDOS;8902220114937
3;NEBLOCK 5 MG 30 COMPRIMIDOS;8902220114937
3;NEBLOCK 5MG 30 COMPRIMIDOS;8902220114937
3;NEBLOCK 5MG CAIXA COM 30 COMPRIMIDOS;8902220114937
3;NEBLOCK 5MG, CAIXA COM 30 COMPRIMIDOS;8902220114937
3;NEBLOCK CLORIDRATO DE NEBIVOLOL 5MG 30 COMPRIMIDOS;8902220114937
1;CLORID NEBIVOLOL 5MG 30CPR TORRENT;8902220114906
3;CLORID NEBIVOLOL 5MG 30CPR TORRENT GEN;8902220114906
3;CLORIDRATO DE NEBIVOLOL 5MG 30 COMPRIMIDOS;8902220114906
3;CLORIDRATO DE NEBIVOLOL 5MG 30 COMPRIMIDOS TORRENT GENÃRICO;8902220114906
3;CLORIDRATO NEBIVOLOL 5MG 30 COMPRIMIDOS TORRENT;8902220114906
3;NEBIVOLOL 5MG C/ 30 COMPRIMIDOS GENÃRICO TORRENT;8902220114906
3;NEBIVOLOL TORRENT 5MG COM 30 COMPRIMIDOS;8902220114906
1;CLORID NEBIVOLOL 5MG C/30;8902220114906
3;CLORIDRATO DE NEBIVOLOL BIOLAB GENÃRICOS 5MG, CAIXA COM 30;8902220114906
1;CLORID.NEBIVOLOL 5MG 30CPR;8902220114906
3;BIVOLET CLORIDRATO DE NEBIVOLOL 5MG COM 30 COMPRIMIDOS;8902220114906
3;TEUTO 5MG CAIXA COM 30 COMPRIMIDOS;8902220114906
3;CLORIDRATO NEBIVOLOL 5MG 30 COMPRIMIDOS;8902220114906
3;NEBIVOLOL 5MG C/ 30 COMPRIMIDOS GENÃRICO BIOLAB;8902220114906
1;CLORID.NEBIVOLOL 5MG C/30;8902220114906
1;CLORID.NEBIVOLOL 5MG CX 30 COMP;8902220114906
3;TEUTO 5MG CX 30 COMP;8902220114906
3;TORRENT 5MG CAIXA COM 30 COMPRIMIDOS;8902220114906
1;CLORIDRATO DE NEBIVOLOL 5MG C/30 COMP/TORRENT;8902220114906
3;CLORIDRATO DE NEBIVOLOL TORRENT 5MG CAIXA COM 30 COMPRIMIDOS;8902220114906
3;CLORIDRATO DE NEBIVOLOL 5MG TORRENT 30 COMPRIMIDOS;8902220114906
3;CLORIDRATO DE NEBIVOLOL 5MG TORRENT COM 30 COMPRIMIDOS;8902220114906
1;OLMESARTANA 20MG C/ 30 COMP TOR-GENERICO;8902220114876
3;OLMESARTANA 20MG 30CP;8902220114876
3;OLMESARTANA 20MG C/ 30 CPR GENÃRICO TORRENT;8902220114876
3;OLMESARTANA MEDOXOMILA 20 MG TORRENT GENERICOS 30 COMPRIMIDOS;8902220114876
3;OLMESARTANA MEDOXOMILA 20MG 30 COMPRIMIDOS TORRENT GENÃRICO;8902220114876
1;OLMESARTANA OLMECOR 20MG COMP/TORRENT;8902220114876
1;OLMECOR 20MG CPR REV 1X30-SIMILAR;8902220114845
1;OLMESARTANA 40MG  C/30;8902220114814
1;OLMECOR 40 MG C  30 COMP REV;8902220114784
3;O MELHOR PREÃO DE OLMECOR 40 MG COM 30 COMPRIMIDOS;8902220114784
3;OLMECOR 40 MG C/ 30 COMP REV;8902220114784
3;OLMECOR 40MG 30 COMPRIMIDOS;8902220114784
3;OLMECOR 40MG 30 COMPRIMIDOS TORRENT;8902220114784
3;OLMECOR 40MG COM 30 COMPRIMIDOS REVESTIDOS;8902220114784
3;OLMECOR 40MG TORRENT 30 COMPRIMIDOS;8902220114784
3;OLMECOR 40MG TORRENT 30 COMPRIMIDOS REVESTIDOS;8902220114784
3;OLMECOR OLMESARTANA MEDOXOMILA 40MG 30 COMPRIMIDOS;8902220114784
1;OLMECOR 40 MG C/ 30 COMP REV-SIMILAR;8902220114784
3;OLMECOR 40MG, CAIXA COM 30 COMPRIMIDOS REVESTIDOS;8902220114784
3;OLMECOR 40 MG COM 30 COMPRIMIDOS NO CLIQUEFARMA;8902220114784
1;OLMECOR 40MG C/ 30 COMP;8902220114784
3;OLMECOR 40MG 30 COMPRIMIDOS REVESTIDOS;8902220114784
3;OLMECOR 40MG COM 30 COMPRIMIDOS;8902220114784
1;OLMECOR 40MG C/30 COMP REV-SIMILAR;8902220114784
3;O MELHOR PREÃO DE OLMECOR 40MG COM 30 COMPRIMIDOS;8902220114784
1;OLMECOR 40MG C/30 CPR;8902220114784
3;XX OLMECOR 40MG 30CPR;8902220114784
1;RISPERIDONA 1MG CX 30CPR (C1)   RESPIDON;8902220114722
3;RESPIDON 1MG C/30 COMP;8902220114722
3;RESPIDON 1MG, CAIXA COM 30 COMPRIMIDOS REVESTIDOS;8902220114722
3;RESPIDON RISPERIDONA 1MG 30 COMPRIMIDOS COM MENOR PREÃO;8902220114722
3;RISPERIDONA ACHÃ 1MG CAIXA COM 30 COMPRIMIDOS REVESTIDOS;8902220114722
3;RISPERIDONA 1MG 30 COMPRIMIDOS EUROFARMA GENÃRICO;8902220114722
3;RISPERIDONA 1MG 30CPR (C1);8902220114722
3;RISPERIDONA 1MG C/ 30 CPR GENÃRICO BIOLAB;8902220114722
1;LAMITOR CD;8902220113107
1;LAMITOR CD 50MG CX 30 COMP;8902220113107
3;O MELHOR PREÃO DE LAMITOR CD 50MG COM 30 COMPRIMIDOS;8902220113107
3;LAMITOR CD 50 MG 30 COMPRIMIDOS SUS;8902220113107
3;LAMITOR CD 50 MG CAIXA COM 30 COMPRIMIDOS;8902220113107
3;LAMITOR CD 50MG 30 COMPRIMIDOSS PARA SUSPENSÃO DE USO ORAL;8902220113107
3;LAMITOR CD 50MG C/ 30 COMPRIMIDOS DISPERSÃVEIS (C1);8902220113107
3;LAMITOR CD 50MG COM 30 COMPRIMIDOS PARA SUSPENSÃO;8902220113107
3;LAMITOR CD 50MG TORRENT 30 COMPRIMIDOS;8902220113107
3;LAMITOR CD 50MG, CAIXA COM 30 COMPRIMIDOS PARA;8902220113107
3;LAMITOR CD 50MG, CAIXA COM 30 COMPRIMIDOS PARA SUSPENSÃO DE;8902220113107
3;LAMITOR CD LAMOTRIGINA 50MG 30 COMPRIMIDOS;8902220113107
1;TORLOS 100MG CX 30 COMP;8902220112551
3;CEBRALAT 100MG CAIXA COM 30 COMPRIMIDOS;8902220112551
3;TORLOS 100MG 30 COMPRIMIDOS;8902220112551
3;TORLOS 100MG COM 30 COMPRIMIDOS;8902220112551
1;VALSARTANA+HID.160/12.5MG C/30CP(6800);8902220112339
1;PIOGLITAZONA 45MG GENERICO TORRENT;8902220109865
1;CLOR DE PIOGLITAZONA 30MG CX 30 COMP;8902220109810
3;CLORIDRATO DE PIOGLITAZONA 30 MG 30 COMPRIMIDOS;8902220109810
3;CLORIDRATO DE PIOGLITAZONA 30MG 30 COMPRIMIDOS;8902220109810
3;CLORIDRATO DE PIOGLITAZONA 30MG COM 30 COMPRIMIDOS NOVA QUÃMICA;8902220109810
3;CLORIDRATO PIOGLITAZONA 30MG C 30 COMPRIMIDOS NO;8902220109810
3;STANGLIT CLORIDRATO DE PIOGLITAZONA 30MG 30 COMPRIMIDOS;8902220109810
1;CLOR PIOGLITAZONA 30 MG COM CT BL AL/AL X 30;8902220109810
3;CLORIDRATO DE PIOGLITAZONA 30 MG COM CT BL AL AL X 30;8902220109810
3;CLORIDRATO DE PIOGLITAZONA 30 MG COM CT BL AL/AL X 30;8902220109810
3;CLORIDRATO DE PIOGLITAZONA 30 MG COM CT BL AL/AL XÂ¿60;8902220109810
3;CLORIDRATO DE PIOGLITAZONA 30 MG COM CT BL AL AL X 10;8902220109810
3;CLORIDRATO DE PIOGLITAZONA 30 MG COM CT BL AL AL X 120;8902220109810
1;CLOR PIOGLITAZONA 30MG 30CPR TOR-GENERICO;8902220109810
3;PIOGLITAZONA, CLORIDRATO TOR 30MG 30CPR GEN;8902220109810
1;CLORIDRATO DE PIOGLITAZONA;8902220109810
3;MEDICAMENTOS COM CLORIDRATO DE PIOGLITAZONA;8902220109810
3;PARA QUE SERVE CLORIDRATO DE PIOGLITAZONA EMS E COMO FUNCIONA?;8902220109810
1;CLORIDRATO DE PIOGLITAZONA 30 MG 30 CP;8902220109810
3;CLORIDRATO DE PIOGLITAZONA 30MG COM 30 COMPRIMIDOS GENÃRICO;8902220109810
3;CLORIDRATO DE PIOGLITAZONA 30MG COM 30 COMPRIMIDOS;8902220109810
3;PIOGLITAZONA 30MG 30 COMPRIMIDOS;8902220109810
3;PIOGLITAZONA 30MG MEPHA 30 COMPRIMIDOS;8902220109810
1;CLORIDRATO DE PIOGLITAZONA 30MG CX 30 COMP GEN;8902220109810
1;ROSUVASTATINA CALCICA 20MG;8902220109551
1;ROSUVASTATINA C.10MG C/30CP (08227);8902220109544
1;ROSUVASTATINA C.10MG C/30CP(8227);8902220109544
1;ESCITALOPRAM (OXALATO) 10MG-CX C/30 COMPRIMIDOS;8902220109339
3;OXALATO DE ESCITALOPRAM 10MG 30 COMPRIMIDOS EMS GENÃRICO;8902220109339
3;OXALATO DE ESCITALOPRAM 10MG 30 COMPRIMIDOS MEDLEY GENÃRICO;8902220109339
3;OXALATO DE ESCITALOPRAM 10MG 30 COMPRIMIDOS NEO QUÃMICA;8902220109339
3;OXALATO DE ESCITALOPRAM 10MG COM 30 COMPRIMIDOS GENÃRICO EMS;8902220109339
3;OXALATO DE ESCITALOPRAM ACHÃ 10MG, CAIXA COM 30 COMPRIMIDOS;8902220109339
3;OXALATO DE ESCITALOPRAM MEDLEY 10MG, CAIXA COM 30 COMPRIMIDOS;8902220109339
3;OXALATO ESCITALOPRAM 10MG COM 30 COMPRIMIDOS GENÃRICO MEDLEY;8902220109339
1;OXALATO DE ESCITALOPRAM 10MG 30CPR;8902220109339
3;ESC OXALATO DE ESCITALOPRAM 10MG COM 30 COMPRIMIDOS;8902220109339
3;ESCITALOPRAM 10MG 30 COMPRIMIDOS (C1);8902220109339
3;ESCITALOPRAM 10MG 30 COMPRIMIDOS REVESTIDOS (C1);8902220109339
3;ESCITALOPRAM 10MG CAIXA COM 30 COMPRIMIDOS;8902220109339
3;ESCITALOPRAM 10MG EMS GENÃRICO 30 COMPRIMIDOS REVESTIDOS;8902220109339
3;OXALATO DE ESCITALOPRAM 10MG 30 COMPRIMIDOS NEO;8902220109339
3;OXALATO DE ESCITALOPRAM PHARLAB 10MG, CAIXA COM 30 COMPRIMIDOS;8902220109339
1;OXALATO DE ESCITALOPRAM 10 MG (C1) GENERICO TORRENT;8902220109339
3;O MELHOR PREÃO DE OXALATO DE ESCITALOPRAM 10MG ACHE;8902220109339
3;ESCITALOPRAM 10MG CAIXA COM 30;8902220109339
1;ESPRAN 10MG C/30 COMP C1/TORRENT/C1;8902220109292
3;ESPRAN 10MG 30 COMPRIMIDOS C1;8902220109292
3;ESPRAN 10MG C/ 30 COMPRIMIDOS (C1) EM OFERTA;8902220109292
3;ESPRAN 10MG C/30 COMPRIMIDOS TORRENT;8902220109292
3;ESPRAN OXALATO DE ESCITALOPRAM 10MG 30 COMPRIMIDOS;8902220109292
1;ESPRAN 10MG CX 30 COMP;8902220109292
3;ESPRAN 10MG COM 30 COMPRIMIDOS;8902220109292
3;ESPRAN 10MG, CAIXA COM 30 COMPRIMIDOS REVESTIDOS;8902220109292
3;ESPRAN 10MG 30 CPR(C1);8902220109292
3;ESPRAN 10MG CAIXA COM 30 COMPRIMIDOS;8902220109292
3;ESPRAN 10MG COM 30 COMPRIMIDOS;8902220109292
1;CARVEDILOL 6,25 MG GENERICO TORRENT;8902220109049
1;DONEPEZILA CLORIDRATO 10MG (C1) GENERICO TORRENT;8902220108721
1;CLORIDRATO DONEPEZILA 5 MG C/30 CPR            C1;8902220108677
3;CLORIDRATO DE DONEPEZILA 5 MG 30 CPR (C1) TORRENT;8902220108677
3;CLORIDRATO DE DONEPEZILA 5MG 30 COMPRIMIDOS EMS GENÃRICO;8902220108677
3;CLORIDRATO DE DONEPEZILA 5MG 30 COMPRIMIDOS RANBAXY GENÃRICO;8902220108677
3;CLORIDRATO DE DONEPEZILA 5MG 30 COMPRIMIDOS SANDOZ GENÃRICO;8902220108677
3;CLORIDRATO DE DONEPEZILA 5MG 30CP C1 SAN;8902220108677
3;CLORIDRATO DE DONEPEZILA EMS 5MG, CAIXA COM 30 COMPRIMIDOS;8902220108677
3;CLORIDRATO DE DONEPEZILA UNICHEM 5MG, CAIXA COM 30 COMPRIMIDOS;8902220108677
3;CLORIDRATO DONEPEZILA 5MG 30 COMPRIMIDOS REVESTIDOS;8902220108677
3;DONEPEZILA 5MG 30 COMPRIMIDOS (C1);8902220108677
1;CLORIDRATO DONEPEZILA 5MG -;8902220108677
1;DONEPEZILA 5MG;8902220108677
1;DONEPEZILA CLORIDRATO 5MG (C1) GENERICO TORRENT;8902220108677
1;DONEPEZILA CLORIDRATO 10MG C/30 COMP/TORRENT/C1;8902220108417
3;CLORIDRATO DE DONEPEZILA 10 MG 30 CPR (C1) TORRENT;8902220108417
3;CLORIDRATO DE DONEPEZILA 10MG 30 COMPRIMIDOS TORRENT GENÃRICO;8902220108417
3;CLORIDRATO DE DONEPEZILA 10MG 30 COMPRIMIDOS TORRENT;8902220108417
3;CLORIDRATO DE DONEPEZILA 10MG TORRENT GENERICOS 30 COMPRIMIDOS;8902220108417
3;CLORIDRATO DE DONEPEZILA TORRENT 10MG, CAIXA COM 30 COMPRIMIDOS;8902220108417
3;DONEPEZILA 10 MG COM 30 COMPRIMIDOS (C1) TORRENT GENÃRICO NA;8902220108417
3;DONEPEZILA 10MG 30 COMPRIMIDOS REVESTIDOS GENÃRICO TORRENT(C1);8902220108417
3;DONEPEZILA 10 MG COM 30 COMPRIMIDOS C1 TORRENT;8902220108417
1;EPEZ;8902220108417
1;EPEZ 10MG CX 30 COMP;8902220108417
3;EPEZ 10MG COM 30 COMPRIMIDOS;8902220108417
3;EPEZ 10 MG CAIXA COM 30 COMPRIMIDOS ADULTO (C1);8902220108417
3;EPEZ 10MG 30 COMPRIMIDOS REVESTIDOSBEMOL FARMA;8902220108417
3;EPEZ 10MG C/ 30 COMPRIMIDOS (C1);8902220108417
3;EPEZ 10MG CAIXA COM 30 COMPRIMIDOS;8902220108417
3;EPEZ 10MG COM 30 COMPRIMIDOS;8902220108417
3;EPEZ CLORIDRATO DE DONEPEZILA 10MG 30 COMPRIMIDOS;8902220108417
3;EPÃZ 10MG TORRENT 30 COMPRIMIDOS;8902220108417
1;DONEPEZILA CLORIDRATO 5MG C/30 COMP/TORRENT/C1;8902220108370
3;CLORIDRATO DE DONEPEZILA 5 MG 30 CPR (C1) TORRENT;8902220108370
3;CLORIDRATO DE DONEPEZILA 5MG 30 COMPRIMIDOS;8902220108370
3;CLORIDRATO DE DONEPEZILA 5MG 30 COMPRIMIDOS REVESTIDOS;8902220108370
3;CLORIDRATO DE DONEPEZILA 5MG C/30 COMP;8902220108370
3;CLORIDRATO DE DONEPEZILA 5MG COM 30 COMPRIMIDOS;8902220108370
3;CLORIDRATO DE DONEPEZILA TORRENT 5MG, CAIXA COM 30 COMPRIMIDOS;8902220108370
3;CLORIDRATO DONEPEZILA 5MG 30 COMPRIMIDOS REVESTIDOS;8902220108370
3;DONEPEZILA 5MG 30 COMPRIMIDOS (C1);8902220108370
3;DONEPEZILA 5MG 30CP GENER.TORRENT;8902220108370
1;EPEZ 5MG C/30     C1;8902220108370
1;CARVEDILOL 125 MG CPR C/30 (TORRENT);8902220108165
1;LAMOTRIGINA 100 MG (C1) LAMITOR TORRENT;8902220107939
1;LAMOTRIGINA 50MG;8902220107922
3;LAMOTRIGINA 30 COMPRIMIDOS 50MG;8902220107922
1;LAMOTRIGINA 50MG -;8902220107922
1;LAMOTRIGINA 50MG 30CPR;8902220107922
3;LAMOTRIGINA EUROFARMA 50MG 30 COMPRIMIDOS;8902220107922
3;LAMOTRIGINA 50MG 30 COMPRIMIDOS (C1);8902220107922
3;LAMOTRIGINA 50MG 30 COMPRIMIDOS EUROFARMA GENÃRICO;8902220107922
3;LAMOTRIGINA 50MG 30CPR;8902220107922
3;LAMOTRIGINA 50MG 30CPR ALTH;8902220107922
3;LAMOTRIGINA 50MG 30CPR EURO;8902220107922
3;LAMOTRIGINA 50MG C/ 30 CPR GENÃRICO BIOLAB;8902220107922
3;LAMOTRIGINA 50MG CAIXA COM 30 COMPRIMIDOS (C1;8902220107922
3;LAMOTRIGINA 50MG COM 30 COMPRIMIDOS (C1) EROWLABS;8902220107922
1;LAMOTRIGINA 50MG C30   C1;8902220107922
1;LAMOTRIGINA 25MG C/30;8902220107915
1;LAMOTRIGINA 25MG C/30 CPR;8902220107915
3;LAMICTAL DISPER 25MG 30 COMPRIMIDOS;8902220107915
3;LAMICTAL DISPERSÃVEL LAMOTRIGINA 25MG 30 COMPRIMIDOS DISPERSÃVEIS;8902220107915
3;LAMOTRIGINA 25MG 30 COMPRIMIDOS EUROFARMA GENÃRICO;8902220107915
3;LAMOTRIGINA 25MG 30 COMPRIMIDOS PRATI DONADUZZI GENÃRICO;8902220107915
3;LAMOTRIGINA 25MG 30CPR EURO;8902220107915
1;LAMOTRIGINA 25MG C/30CPR GEN UNICHEN (C1);8902220107915
3;LAMOTRIGINA 25MG COM 30 COMPRIMIDOS;8902220107915
3;LAMOTRIGINA UNICHEM 25MG, CAIXA COM 30 COMPRIMIDOS;8902220107915
3;LAMOTRIGINA 25MG 30 COMPRIMIDOS;8902220107915
3;LAMOTRIGINA 25MG CAIXA COM 30 COMPRIMIDOS (C1;8902220107915
1;CARVEDILOL 6,25MG-CAIXA COM 30 COMPRIMIDOS SULCADOS (2 BLISTERES COM 15 COMPRIMIDOS CADA)-KARVIL-TORRENT;8902220107861
3;CARVEDILOL 6,25MG 30 COMPRIMIDOS TORRENT GENÃRICO COM MENOR PREÃO;8902220107861
3;CARVEDILOL TORRENT 6,25MG, CAIXA COM 30 COMPRIMIDOS;8902220107861
3;KARVIL 6,25MG TORRENT 30 COMPRIMIDOS;8902220107861
1;CARVEDILOL 3,125 MG;8902220107854
1;CARVEDILOL 3,125 MG (KARVIL) CX C/ 30CPR;8902220107854
3;CARVEDILOL ACHÃ 3,125MG, CAIXA COM 30 COMPRIMIDOS;8902220107854
1;CARVEDILOL 3,125MG CX 30CPR   KARVIL;8902220107854
3;KARVIL 3,125MG 30CPR;8902220107854
1;CARVEDILOL 3,125MG-CAIXA COM 30 COMPRIMIDOS SULCADOS (2 BLISTERES COM 15 COMPRIMIDOS CADA)-KARVIL-TORRENT;8902220107854
3;KARVIL 3,125MG, CAIXA COM 30 COMPRIMIDOS;8902220107854
3;KARVIL 3,125MG 30 COMPRIMIDOS;8902220107854
1;CARVEDILOL 12,5 MG (KARVIL) C/30 CP;8902220107847
3;CARVEDILOL 12,5MG 30 COMPRIMIDOS EMS GENÃRICO C;8902220107847
3;CARVEDILOL 12,5MG 30 COMPRIMIDOS MEDLEY GENÃRICO;8902220107847
3;CARVEDILOL 12,5MG 30 COMPRIMIDOS TORRENT GENÃRICO COM MENOR PREÃO;8902220107847
3;CARVEDILOL 12,5MG ACHÃ 30 COMPRIMIDOS;8902220107847
1;CARVEDILOL 12,5MG (KARVIL) CX C/ 30CPR;8902220107847
3;CARVEDILOL 12,5MG 30 COMPRIMIDOS;8902220107847
3;CARVEDILOL 12,5MG 30CPR;8902220107847
3;KARVIL 12,5MG TORRENT 30 COMPRIMIDOS;8902220107847
1;CARVEDILOL 12,5MG-CAIXA COM 30 COMPRIMIDOS SULCADO (2 BLISTER COM 15 COMPRIMIDOS CADA)-KARVIL-TORRENT;8902220107847
3;CARVEDILOL 12,5 MG COM 30 COMPRIMIDOS;8902220107847
3;CARVEDILOL 12,5MG COM 30 COMPRIMIDOS TORRENT;8902220107847
3;CARVEDILOL TORRENT 12,5MG, CAIXA COM 30 COMPRIMIDOS;8902220107847
1;CARVEDILOL 25MG-CAIXA COM 30 COMPRIMIDOS SULCADOS (2 BLISTERS COM 15 COMPRIMIDOS)-KARVIL-TORRENT;8902220107274
3;CARVEDILOL 25MG 30 COMPRIMIDOS TORRENT GENÃRICO COM MENOR PREÃO;8902220107274
3;CARVEDILOL TORRENT 25MG CAIXA COM 30 COMPRIMIDOS;8902220107274
3;CARVEDILOL TORRENT 25MG, CAIXA COM 30 COMPRIMIDOS;8902220107274
3;KARVIL 25MG TORRENT 30 COMPRIMIDOS;8902220107274
1;METFORMINA 500MG 30CPR (G)TOR;8902220107205
3;CLORIDRATO DE METFORMINA 500 MG 30 CPR PRATI;8902220107205
3;CLORIDRATO DE METFORMINA 500MG 30 COMPRIMIDOS;8902220107205
3;CLORIDRATO DE METFORMINA 500MG TORRENT 30 COMPRIMIDOS;8902220107205
3;GLIFAGE XR CLORIDRATO DE METFORMINA 500MG 30 COMPRIMIDOS;8902220107205
1;MENELAT 30 MG 28CPR   MIRTAZAPINA;8902220106970
1;MENELAT 30 MG 28CPR MIRTAZAPINA;8902220106970
1;MENELAT 30 MG 30CPR MIRTAZAPINA;8902220106970
3;MENELAT 30MG 30CPR;8902220106970
3;MENELAT 30MG C/ 30 COMPRIMIDOS (C1) EM OFERTA;8902220106970
3;MENELAT 30MG C/30 CPR REV (C1) (MIRTAZAPINA);8902220106970
3;MENELAT 30MG CAIXA COM 30 COMPRIMIDOS (C1);8902220106970
3;MENELAT 30MG CAIXA COM 30 COMPRIMIDOS;8902220106970
3;MENELAT MIRTAZAPINA 30MG 30 COMPRIMIDOS;8902220106970
3;MENELAT ODT 30MG, CAIXA COM 30 COMPRIMIDOS ORODISPERSÃVEIS;8902220106970
3;MENELAT ODT MIRTAZAPINA 30MG 30 COMPRIMIDOS;8902220106970
3;MENELAT ODT MIRTAZAPINA 30MG 30 COMPRIMIDOS COM MENOR PREÃO;8902220106970
1;MENELAT 30 MG CPR C/30 (C1);8902220106970
1;MENELAT 30MG 30CPD;8902220106970
3;MENELAT 30MG TORRENT 30 COMPRIMIDOS REVESTIDOS;8902220106970
3;MENELAT ODT 30MG 30CPR;8902220106970
1;MENELAT 30MG CX 30 COMP;8902220106970
3;MENELAT 30MG, CAIXA COM 30 COMPRIMIDOS REVESTIDOS;8902220106970
1;*LAMITOR CD 100MG 30CPR;8902220106758
3;LAMITOR CD 100MG 30 COMPRIMIDOS DISPERSIVEIS C1;8902220106758
3;LAMITOR CD 100MG 30 COMPRIMIDOS PARA SUSPENSÃO DE USO ORAL;8902220106758
3;LAMITOR CD 100MG 30CPR (C1) 30 COMPRIMIDOS;8902220106758
3;LAMITOR CD 100MG 30CPR;8902220106758
3;LAMITOR CD 100MG 30CPR PARA SUSPENSAO (C1);8902220106758
3;LAMITOR CD 100MG CAIXA COM 30 COMPRIMIDOS;8902220106758
3;LAMITOR CD 100MG TORRENT 30 COMPRIMIDOS;8902220106758
3;LAMITOR CD LAMOTRIGINA 100MG 30 COMPRIMIDOS;8902220106758
1;LAMITOR CD 100MG 30 COMP C1-SIMILAR;8902220106758
3;COMPARAMOS O PREÃO DE LAMITOR 100 MG COM 30 COMPRIMIDOS C1;8902220106758
3;O MELHOR PREÃO DE LAMITOR CD 100MG 30 COMPRIMIDOS;8902220106758
3;LAMITOR CD 100MG 30 COMP C1;8902220106758
3;LAMITOR CD 100MG 30 COMP C1 â FARMÃCIA ONLINE;8902220106758
3;LAMITOR CD 100MG 30 COMPRIMIDOS DISPERSÃVEIS;8902220106758
3;LAMITOR CD 100MG, CAIXA COM 30 COMPRIMIDOS PARA SUSPENSÃO DE;8902220106758
1;LAMITOR CD 100MG CX 30 COMP;8902220106758
3;LAMITOR CD 100MG COM 30 COMPRIMIDOS PARA SUSPENSÃO;8902220106758
1;LAMITOR CD 25MG CX 30 COMP;8902220106734
3;LAMITOR CD 25 MG 30 COMPRIMIDOS SUS;8902220106734
3;LAMITOR CD 25 MG CAIXA COM 30 COMPRIMIDOS;8902220106734
3;LAMITOR CD 25MG 30 COMPRIMIDOSS PARA SUSPENSÃO DE USO ORAL;8902220106734
3;LAMITOR CD 25MG C/ 30 COMPRIMIDOS DISPERSÃVEIS (C1);8902220106734
3;LAMITOR CD 25MG COM 30 COMPRIMIDOS PARA SUSPENSÃO;8902220106734
3;LAMITOR CD 25MG TORRENT 30 COMPRIMIDOS;8902220106734
3;LAMITOR CD 25MG, CAIXA COM 30 COMPRIMIDOS PARA SUSPENSÃO DE;8902220106734
3;LAMITOR CD LAMOTRIGINA 25MG 30 COMPRIMIDOS COM MENOR PREÃO;8902220106734
1;OLEPTAL 600MG C/30 COMP C1/TORRENT/C1;8902220106192
3;OLEPTAL 600MG, CAIXA COM 30 COMPRIMIDOS REVESTIDOS;8902220106192
3;OLEPTAL 600MG COM 30 COMPRIMIDOS TORRENT REVESTIDOS;8902220106192
3;OLEPTAL 600 MG 30 COMPRIMIDOS REVESTIDOS C1;8902220106192
3;OLEPTAL 600MG TORRENT 30 COMPRIMIDOS REVESTIDOS;8902220106192
3;OLEPTAL OXCARBAZEPINA 600MG 30 COMPRIMIDOS COM MENOR PREÃO;8902220106192
3;OLEPTAL 600MG 30 COMPRIMIDOS;8902220106192
